{"meta": {"code": 200, "response_time": {"time": 0.025, "measure": "seconds"}, "init_time": {"time": 0, "measure": "seconds"}}, "notifications": [], "response": {"total_count": 1, "is_search": false, "sort": false, "type_id": false, "is_multi_type": false, "country_id": false, "brewery_id": false, "beers": {"count": 1, "items": [{"created_at": "Sat, 26 Dec 2020 05:48:24 +0000", "beer": {"bid": 533174, "beer_name": "Green", "beer_label": "https://assets.untappd.com/site/beer_logos/beer-533174_199e5_sm.jpeg", "beer_abv": 7.5, "beer_ibu": 90, "beer_slug": "tree-house-brewing-company-green", "beer_description": "Our cross-continental IPA! Made with Australian and American hops, this tropical heavy IPA opens up in the glass with notes of hugely flavorful notes of lemon-lime, pineapple, orange sorbet, and tangerine. It has a soft but pointed bitterness and a rich, velvety mouth feel. Intensely kettle and dry hopped yet balanced and flavorful, Green is a beloved crew  favorite here at Tree House!", "is_in_production": 1, "beer_style": "IPA - American", "created_at": "Mon, 16 Dec 2013 01:38:41 +0000", "rating_score": 4.43, "rating_count": 105271, "has_had": false, "auth_rating": 0, "wish_list": false}, "brewery": {"brewery_id": 20084, "brewery_name": "Tree House Brewing Company", "brewery_slug": "tree-house-brewing-company", "brewery_page_url": "/treehousebrewco", "brewery_type": "Regional Brewery", "brewery_label": "https://assets.untappd.com/site/brewery_logos/brewery-treehousebrewingcompany_20084.jpeg", "country_name": "United States", "contact": {"twitter": "TreeHouseBrewCo", "facebook": "http://www.facebook.com/treehousebrewco", "instagram": "TreeHouseBrewCo", "url": "http://www.treehousebrew.com"}, "location": {"brewery_city": "Charlton", "brewery_state": "MA", "lat": 42.1400986, "lng": -72.0152969}, "brewery_active": 1}, "friends": []}]}, "updated_at": "Sat, 26 Dec 2020 05:48:24 +0000", "created_at": "Wed, 20 Jun 2018 20:25:55 +0000", "sort_english": "Date (New to Old)", "sort_name": "Date (New to Old)", "sort_key": "date"}}